{
    "accuracy": 0.796144578313253,
    "precision": 0.7829827915869981,
    "recall": 0.8068965517241379,
    "auc": 0.8752100566967191
}